<?xml version="1.0" encoding="UTF-8"?>
<project-private xmlns="http://www.netbeans.org/ns/project-private/1">
    <editor-bookmarks xmlns="http://www.netbeans.org/ns/editor-bookmarks/2" lastBookmarkId="0"/>
    <open-files xmlns="http://www.netbeans.org/ns/projectui-open-files/2">
        <group>
            <file>file:/C:/Users/anton/OneDrive/Documentos/GitHub/Abraham-FPOO204BD/P18/src/p18/UsuarioCRUD.java</file>
            <file>file:/C:/Users/anton/OneDrive/Documentos/GitHub/Abraham-FPOO204BD/P18/src/p18/ConexionMySQL.java</file>
            <file>file:/C:/Users/anton/OneDrive/Documentos/GitHub/Abraham-FPOO204BD/P18/src/p18/Menu.java</file>
        </group>
    </open-files>
</project-private>
